{
    "loss": 0.4823440611362457,
    "accuracy": 0.732758641242981
}